Date,SCHD,JEPQ,JEPI,TLT,SHY,SGOV,QQQ,SPY,VYM,HDV,DVY,NOBL,DHS,SPYD,QYLD,RYLD,XYLD,PFFD
1993-03-19,,,,,,,,0.213,,,,,,,,,,
1993-06-18,,,,,,,,0.318,,,,,,,,,,
1993-09-17,,,,,,,,0.286,,,,,,,,,,
1993-12-17,,,,,,,,0.317,,,,,,,,,,
1994-03-18,,,,,,,,0.271,,,,,,,,,,
1994-06-17,,,,,,,,0.305,,,,,,,,,,
1994-09-16,,,,,,,,0.288,,,,,,,,,,
1994-12-16,,,,,,,,0.363,,,,,,,,,,
1995-03-17,,,,,,,,0.268,,,,,,,,,,
1995-06-16,,,,,,,,0.316,,,,,,,,,,
1995-09-15,,,,,,,,0.312,,,,,,,,,,
1995-12-15,,,,,,,,0.382,,,,,,,,,,
1996-03-15,,,,,,,,0.285,,,,,,,,,,
1996-06-21,,,,,,,,0.351,,,,,,,,,,
1996-09-20,,,,,,,,0.352,,,,,,,,,,
1996-12-20,,,,,,,,0.367,,,,,,,,,,
1997-03-21,,,,,,,,0.299,,,,,,,,,,
1997-06-20,,,,,,,,0.35,,,,,,,,,,
1997-09-19,,,,,,,,0.348,,,,,,,,,,
1997-12-19,,,,,,,,0.38,,,,,,,,,,
1998-03-20,,,,,,,,0.313,,,,,,,,,,
1998-06-19,,,,,,,,0.352,,,,,,,,,,
1998-09-18,,,,,,,,0.359,,,,,,,,,,
1998-12-18,,,,,,,,0.392,,,,,,,,,,
1999-03-19,,,,,,,,0.32,,,,,,,,,,
1999-06-18,,,,,,,,0.405,,,,,,,,,,
1999-09-17,,,,,,,,0.372,,,,,,,,,,
1999-12-17,,,,,,,,0.348,,,,,,,,,,
2000-03-17,,,,,,,,0.371,,,,,,,,,,
2000-06-16,,,,,,,,0.348,,,,,,,,,,
2000-09-15,,,,,,,,0.375,,,,,,,,,,
2000-12-15,,,,,,,,0.411,,,,,,,,,,
2001-03-16,,,,,,,,0.316,,,,,,,,,,
2001-06-15,,,,,,,,0.346,,,,,,,,,,
2001-09-21,,,,,,,,0.369,,,,,,,,,,
2001-12-21,,,,,,,,0.393,,,,,,,,,,
2002-03-15,,,,,,,,0.331,,,,,,,,,,
2002-06-21,,,,,,,,0.353,,,,,,,,,,
2002-09-03,,,,0.373,0.133,,,,,,,,,,,,,
2002-09-20,,,,,,,,0.378,,,,,,,,,,
2002-10-01,,,,0.343,0.12,,,,,,,,,,,,,
2002-11-01,,,,0.389,0.133,,,,,,,,,,,,,
2002-12-02,,,,0.389,0.12,,,,,,,,,,,,,
2002-12-20,,,,,,,,0.436,,,,,,,,,,
2002-12-31,,,,0.446,0.139,,,,,,,,,,,,,
2003-02-03,,,,0.308,0.122,,,,,,,,,,,,,
2003-03-03,,,,0.34,0.107,,,,,,,,,,,,,
2003-03-21,,,,,,,,0.354,,,,,,,,,,
2003-04-01,,,,0.378,0.112,,,,,,,,,,,,,
2003-05-01,,,,0.473,0.13,,,,,,,,,,,,,
2003-06-02,,,,0.398,0.107,,,,,,,,,,,,,
2003-06-20,,,,,,,,0.36,,,,,,,,,,
2003-07-01,,,,0.353,0.102,,,,,,,,,,,,,
2003-08-01,,,,0.378,0.102,,,,,,,,,,,,,
2003-09-02,,,,0.372,0.103,,,,,,,,,,,,,
2003-09-19,,,,,,,,0.4,,,,,,,,,,
2003-10-01,,,,0.367,0.093,,,,,,,,,,,,,
2003-11-03,,,,0.348,0.111,,,,,,,,,,,,,
2003-12-01,,,,0.418,0.108,,,,,,,,,,,,,
2003-12-12,,,,,,,,,,,0.288,,,,,,,
2003-12-16,,,,,0.335,,,,,,,,,,,,,
2003-12-19,,,,,,,,0.516,,,,,,,,,,
2003-12-24,,,,,,,0.014,,,,,,,,,,,
2003-12-31,,,,0.4,0.116,,,,,,,,,,,,,
2004-02-02,,,,0.358,0.119,,,,,,,,,,,,,
2004-03-01,,,,0.356,0.113,,,,,,,,,,,,,
2004-03-19,,,,,,,,0.395,,,,,,,,,,
2004-03-26,,,,,,,,,,,0.463,,,,,,,
2004-04-01,,,,0.348,0.12,,,,,,,,,,,,,
2004-05-03,,,,0.325,0.116,,,,,,,,,,,,,
2004-06-01,,,,0.322,0.124,,,,,,,,,,,,,
2004-06-18,,,,,,,,0.414,,,,,,,,,,
2004-06-25,,,,,,,,,,,0.488,,,,,,,
2004-07-01,,,,0.336,0.147,,,,,,,,,,,,,
2004-08-02,,,,0.33,0.143,,,,,,,,,,,,,
2004-09-01,,,,0.35,0.132,,,,,,,,,,,,,
2004-09-17,,,,,,,,0.469,,,,,,,,,,
2004-09-24,,,,,,,,,,,0.463,,,,,,,
2004-10-01,,,,0.361,0.132,,,,,,,,,,,,,
2004-11-01,,,,0.366,0.138,,,,,,,,,,,,,
2004-11-15,,,,,,,,0.351,,,,,,,,,,
2004-12-01,,,,0.355,0.145,,,,,,,,,,,,,
2004-12-17,,,,,,,0.379,0.568,,,,,,,,,,
2004-12-23,,,,,,,,,,,0.491,,,,,,,
2004-12-31,,,,0.335,0.154,,,,,,,,,,,,,
2005-02-01,,,,0.345,0.171,,,,,,,,,,,,,
2005-03-01,,,,0.282,0.163,,,,,,,,,,,,,
2005-03-18,,,,,,,,0.467,,,,,,,,,,
2005-03-24,,,,,,,,,,,0.46,,,,,,,
2005-04-01,,,,0.33,0.19,,,,,,,,,,,,,
2005-05-02,,,,0.33,0.19,,,,,,,,,,,,,
2005-06-01,,,,0.349,0.19,,,,,,,,,,,,,
2005-06-17,,,,,,,0.035,0.488,,,,,,,,,,
2005-06-20,,,,,,,,,,,0.462,,,,,,,
2005-07-01,,,,0.332,0.186,,,,,,,,,,,,,
2005-08-01,,,,0.345,0.181,,,,,,,,,,,,,
2005-09-01,,,,0.334,0.228,,,,,,,,,,,,,
2005-09-16,,,,,,,,0.522,,,,,,,,,,
2005-09-23,,,,,,,,,,,0.465,,,,,,,
2005-10-03,,,,0.362,0.234,,,,,,,,,,,,,
2005-11-01,,,,0.397,0.232,,,,,,,,,,,,,
2005-12-01,,,,0.39,0.231,,,,,,,,,,,,,
2005-12-16,,,,,,,0.101,0.672,,,,,,,,,,
2005-12-22,,,,,,,,,,,0.464,,,,,,,
2005-12-28,,,,0.383,0.249,,,,,,,,,,,,,
2006-02-01,,,,0.321,0.247,,,,,,,,,,,,,
2006-03-01,,,,0.32,0.279,,,,,,,,,,,,,
2006-03-17,,,,,,,0.029,0.519,,,,,,,,,,
2006-03-24,,,,,,,,,,,0.568,,,,,,,
2006-04-03,,,,0.328,0.266,,,,,,,,,,,,,
2006-05-01,,,,0.33,0.263,,,,,,,,,,,,,
2006-06-01,,,,0.332,0.268,,,,,,,,,,,,,
2006-06-16,,,,,,,0.026,0.555,,,,,,,,,,
2006-06-22,,,,,,,,,,,0.565,,,,,,,
2006-07-03,,,,0.327,0.278,,,,,,,,,,,,,
2006-08-01,,,,0.342,0.289,,,,,,,,,,,,,
2006-09-01,,,,0.35,0.291,,,,,,,,,,,,,
2006-09-15,,,,,,,0.023,0.579,,,,,,,,,,
2006-09-26,,,,,,,,,,,0.566,,,,,,,
2006-10-02,,,,0.354,0.294,,,,,,,,,,,,,
2006-10-04,,,,,,,,,,,,,0.285,,,,,
2006-11-01,,,,0.345,0.297,,,,,,,,,,,,,
2006-12-01,,,,0.342,0.287,,,,,,,,,,,,,
2006-12-15,,,,,,,0.054,0.793,,,,,,,,,,
2006-12-20,,,,,,,,,,,0.526,,,,,,,
2006-12-21,,,,,,,,,,,,,0.418,,,,,
2006-12-22,,,,,,,,,0.175,,,,,,,,,
2006-12-27,,,,0.303,0.246,,,,,,,,,,,,,
2007-02-01,,,,0.355,0.3,,,,,,,,,,,,,
2007-03-01,,,,0.343,0.271,,,,,,,,,,,,,
2007-03-16,,,,,,,0.027,0.551,,,,,,,,,,
2007-03-23,,,,,,,,,,,0.56,,,,,,,
2007-03-26,,,,,,,,,0.268,,,,0.412,,,,,
2007-04-02,,,,0.326,0.295,,,,,,,,,,,,,
2007-05-01,,,,0.324,0.286,,,,,,,,,,,,,
2007-06-01,,,,0.338,0.289,,,,,,,,,,,,,
2007-06-15,,,,,,,0.037,0.656,,,,,,,,,,
2007-06-25,,,,,,,,,0.296,,,,0.466,,,,,
2007-06-28,,,,,,,,,,,0.583,,,,,,,
2007-07-02,,,,0.326,0.302,,,,,,,,,,,,,
2007-08-01,,,,0.341,0.302,,,,,,,,,,,,,
2007-09-04,,,,0.362,0.306,,,,,,,,,,,,,
2007-09-21,,,,,,,0.026,0.719,,,,,,,,,,
2007-09-24,,,,,,,,,0.346,,,,0.559,,,,,
2007-09-25,,,,,,,,,,,0.597,,,,,,,
2007-10-01,,,,0.345,0.297,,,,,,,,,,,,,
2007-11-01,,,,0.394,0.303,,,,,,,,,,,,,
2007-12-03,,,,0.376,0.276,,,,,,,,,,,,,
2007-12-14,,,,,,,,,0.447,,,,,,,,,
2007-12-17,,,,,,,,,,,,,0.644,,,,,
2007-12-21,,,,,,,0.053,0.775,,,,,,,,,,
2007-12-27,,,,0.362,0.279,,,,,,0.626,,,,,,,
2008-02-01,,,,0.329,0.221,,,,,,,,,,,,,
2008-03-03,,,,0.348,0.163,,,,,,,,,,,,,
2008-03-20,,,,,,,0.033,0.642,,,,,,,,,,
2008-03-24,,,,,,,,,,,,,0.541,,,,,
2008-03-25,,,,,,,,,0.371,,0.678,,,,,,,
2008-04-01,,,,0.406,0.176,,,,,,,,,,,,,
2008-05-01,,,,0.336,0.162,,,,,,,,,,,,,
2008-06-02,,,,0.327,0.223,,,,,,,,,,,,,
2008-06-20,,,,,,,0.034,0.669,,,,,,,,,,
2008-06-23,,,,,,,,,,,,,0.601,,,,,
2008-06-24,,,,,,,,,0.371,,,,,,,,,
2008-06-25,,,,,,,,,,,0.631,,,,,,,
2008-07-01,,,,0.332,0.219,,,,,,,,,,,,,
2008-08-01,,,,0.332,0.266,,,,,,,,,,,,,
2008-09-02,,,,0.34,0.235,,,,,,,,,,,,,
2008-09-19,,,,,,,0.028,0.691,,,,,,,,,,
2008-09-22,,,,,,,,,,,,,0.522,,,,,
2008-09-24,,,,,,,,,0.371,,0.554,,,,,,,
2008-10-01,,,,0.29,0.28,,,,,,,,,,,,,
2008-11-03,,,,0.37,0.327,,,,,,,,,,,,,
2008-12-01,,,,0.355,0.279,,,,,,,,,,,,,
2008-12-19,,,,,,,0.043,0.719,,,,,,,,,,
2008-12-22,,,,,,,,,0.33,,,,0.493,,,,,
2008-12-23,,,,,,,,,,,0.556,,,,,,,
2008-12-29,,,,0.405,0.336,,,,,,,,,,,,,
2009-02-02,,,,0.285,0.138,,,,,,,,,,,,,
2009-03-02,,,,0.282,0.129,,,,,,,,,,,,,
2009-03-20,,,,,,,0.049,0.561,,,,,,,,,,
2009-03-23,,,,,,,,,,,,,0.365,,,,,
2009-03-25,,,,,,,,,0.31,,0.438,,,,,,,
2009-04-01,,,,0.302,0.141,,,,,,,,,,,,,
2009-05-01,,,,0.297,0.167,,,,,,,,,,,,,
2009-06-01,,,,0.305,0.131,,,,,,,,,,,,,
2009-06-19,,,,,,,0.044,0.518,,,,,,,,,,
2009-06-22,,,,,,,,,,,,,0.247,,,,,
2009-06-24,,,,,,,,,0.28,,0.397,,,,,,,
2009-07-01,,,,0.303,0.112,,,,,,,,,,,,,
2009-08-03,,,,0.318,0.112,,,,,,,,,,,,,
2009-09-01,,,,0.307,0.108,,,,,,,,,,,,,
2009-09-18,,,,,,,0.041,0.508,,,,,,,,,,
2009-09-21,,,,,,,,,,,,,0.242,,,,,
2009-09-22,,,,,,,,,,,0.395,,,,,,,
2009-09-24,,,,,,,,,0.257,,,,,,,,,
2009-10-01,,,,0.307,0.104,,,,,,,,,,,,,
2009-11-02,,,,0.308,0.19,,,,,,,,,,,,,
2009-12-01,,,,0.307,0.581,,,,,,,,,,,,,
2009-12-18,,,,,,,0.073,0.59,,,,,,,,,,
2009-12-21,,,,,,,,,,,,,0.326,,,,,
2009-12-22,,,,,,,,,0.321,,,,,,,,,
2009-12-23,,,,,,,,,,,0.431,,,,,,,
2009-12-29,,,,0.318,0.085,,,,,,,,,,,,,
2010-02-01,,,,0.325,0.084,,,,,,,,,,,,,
2010-03-01,,,,0.29,0.075,,,,,,,,,,,,,
2010-03-19,,,,,,,0.051,0.48,,,,,,,,,,
2010-03-25,,,,,,,,,0.229,,0.42,,,,,,,
2010-03-29,,,,,,,,,,,,,0.371,,,,,
2010-04-01,,,,0.332,0.08,,,,,,,,,,,,,
2010-05-03,,,,0.32,0.078,,,,,,,,,,,,,
2010-06-01,,,,0.326,0.071,,,,,,,,,,,,,
2010-06-18,,,,,,,0.089,0.531,,,,,,,,,,
2010-06-24,,,,,,,,,0.273,,0.425,,,,,,,
2010-06-25,,,,,,,0.089,,,,,,,,,,,
2010-06-28,,,,,,,,,,,,,0.449,,,,,
2010-07-01,,,,0.31,0.073,,,,,,,,,,,,,
2010-08-02,,,,0.324,0.071,,,,,,,,,,,,,
2010-09-01,,,,0.322,0.07,,,,,,,,,,,,,
2010-09-17,,,,,,,0.112,0.602,,,,,,,,,,
2010-09-20,,,,,,,,,,,,,0.2,,,,,
2010-09-23,,,,,,,,,,,0.422,,,,,,,
2010-09-24,,,,,,,,,0.276,,,,,,,,,
2010-10-01,,,,0.392,0.065,,,,,,,,,,,,,
2010-11-01,,,,0.319,0.067,,,,,,,,,,,,,
2010-12-01,,,,0.34,0.064,,,,,,,,,,,,,
2010-12-17,,,,,,,0.108,0.653,,,,,,,,,,
2010-12-22,,,,,,,,,0.313,,0.436,,0.578,,,,,
2010-12-28,,,,0.32,0.068,,,,,,,,,,,,,
2011-02-01,,,,0.32,0.068,,,,,,,,,,,,,
2011-03-01,,,,0.297,0.061,,,,,,,,,,,,,
2011-03-18,,,,,,,0.077,0.553,,,,,,,,,,
2011-03-21,,,,,,,,,,,,,0.313,,,,,
2011-03-25,,,,,,,,,0.31,,0.468,,,,,,,
2011-04-01,,,,0.386,0.067,,,,,,,,,,,,,
2011-05-02,,,,0.4,0.066,,,,,,,,,,,,,
2011-06-01,,,,0.352,0.066,,,,,,,,,,,,,
2011-06-17,,,,,,,0.121,0.628,,,,,,,,,,
2011-06-22,,,,,,,,,,,,,0.36,,,,,
2011-06-23,,,,,,,,,,0.244,,,,,,,,
2011-06-24,,,,,,,,,0.335,,0.473,,,,,,,
2011-07-01,,,,0.32,0.061,,,,,,,,,,,,,
2011-08-01,,,,0.325,0.061,,,,,,,,,,,,,
2011-09-01,,,,0.322,0.054,,,,,,,,,,,,,
2011-09-16,,,,,,,0.104,0.625,,,,,,,,,,
2011-09-23,,,,,,,,,0.307,,0.464,,,,,,,
2011-09-26,,,,,,,,,,0.29,,,0.363,,,,,
2011-10-03,,,,0.306,0.049,,,,,,,,,,,,,
2011-11-01,,,,0.299,0.048,,,,,,,,,,,,,
2011-12-01,,,,0.29,0.045,,,,,,,,,,,,,
2011-12-16,,,,,,,0.161,0.77,,,,,,,,,,
2011-12-19,0.040667,,,,,,,,,,,,,,,,,
2011-12-21,,,,,,,,,0.375,,,,0.381,,,,,
2011-12-22,,,,,,,,,,0.369,0.443,,,,,,,
2011-12-27,,,,0.38,0.039,,0.049,,,,,,,,,,,
2011-12-28,,,,,,,,,,0.011,,,,,,,,
2012-02-01,,,,0.289,0.031,,,,,,,,,,,,,
2012-03-01,,,,0.267,0.035,,,,,,,,,,,,,
2012-03-16,,,,,,,0.113,0.614,,,,,,,,,,
2012-03-26,,,,,,,,,0.328,0.526,0.506,,0.411,,,,,
2012-04-02,,,,0.29,0.03,,,,,,,,,,,,,
2012-05-01,,,,0.283,0.028,,,,,,,,,,,,,
2012-06-01,,,,0.263,0.028,,,,,,,,,,,,,
2012-06-15,,,,,,,0.143,0.688,,,,,,,,,,
2012-06-19,,,,,,,,,,0.54,0.535,,,,,,,
2012-06-25,,,,,,,,,0.37,,,,0.404,,,,,
2012-07-02,,,,0.269,0.026,,,,,,,,,,,,,
2012-07-23,,,,,,,,,,,,,0.147,,,,,
2012-08-01,,,,0.273,0.026,,,,,,,,,,,,,
2012-08-27,,,,,,,,,,,,,0.156,,,,,
2012-09-04,,,,0.272,0.024,,,,,,,,,,,,,
2012-09-17,0.069333,,,,,,,,,,,,,,,,,
2012-09-21,,,,,,,0.2,0.779,,,,,,,,,,
2012-09-24,,,,,,,,,0.403,,,,0.136,,,,,
2012-09-25,,,,,,,,,,0.516,0.528,,,,,,,
2012-10-01,,,,0.26,0.022,,,,,,,,,,,,,
2012-10-22,,,,,,,,,,,,,0.165,,,,,
2012-11-26,,,,,,,,,,,,,0.228,,,,,
2012-12-03,,,,0.245,0.02,,,,,,,,,,,,,
2012-12-19,,,,,,,,,,0.511,0.551,,,,,,,
2012-12-20,,,,,,,,,0.492,,,,,,,,,
2012-12-21,,,,,,,0.367,1.022,,,,,,,,,,
2012-12-24,0.086,,,,,,,,,,,,0.191,,,,,
2012-12-26,,,,0.268,0.021,,,,,,,,,,,,,
2013-01-22,,,,,,,,,,,,,0.153,,,,,
2013-02-01,,,,0.26,0.021,,,,,,,,,,,,,
2013-02-19,,,,,,,,,,,,,0.145,,,,,
2013-03-01,,,,0.254,0.018,,,,,,,,,,,,,
2013-03-15,,,,,,,0.159,0.694,,,,,,,,,,
2013-03-18,0.066333,,,,,,,,,,,,,,,,,
2013-03-22,,,,,,,,,0.361,,,,0.13,,,,,
2013-03-25,,,,,,,,,,0.54,0.562,,,,,,,
2013-04-01,,,,0.255,0.018,,,,,,,,,,,,,
2013-04-22,,,,,,,,,,,,,0.14,,,,,
2013-05-01,,,,0.261,0.017,,,,,,,,,,,,,
2013-05-24,,,,,,,,,,,,,0.14,,,,,
2013-06-03,,,,0.275,0.017,,,,,,,,,,,,,
2013-06-21,,,,,,,0.224,0.839,,,,,,,,,,
2013-06-24,0.075,,,,,,,,0.419,,,,0.14,,,,,
2013-06-26,,,,,,,,,,0.554,0.537,,,,,,,
2013-07-01,,,,0.252,0.017,,,,,,,,,,,,,
2013-07-22,,,,,,,,,,,,,0.14,,,,,
2013-07-24,,,,,,,,,,,,,,,,,0.039,
2013-08-01,,,,0.27,0.018,,,,,,,,,,,,,
2013-08-22,,,,,,,,,,,,,,,,,0.151,
2013-08-26,,,,,,,,,,,,,0.14,,,,,
2013-09-03,,,,0.279,0.018,,,,,,,,,,,,,
2013-09-20,,,,,,,0.238,0.838,,,,,,,,,,
2013-09-23,0.077,,,,,,,,0.437,,,,0.14,,,,,
2013-09-24,,,,,,,,,,0.557,0.537,,,,,,,
2013-09-25,,,,,,,,,,,,,,,,,0.05,
2013-10-01,,,,0.278,0.018,,,,,,,,,,,,,
2013-10-21,,,,,,,,,,,,,0.15,,,,,
2013-10-23,,,,,,,,,,,,,,,,,0.035,
2013-11-01,,,,0.288,0.019,,,,,,,,,,,,,
2013-11-21,,,,,,,,,,,,,,,,,0.065,
2013-11-22,,,,,,,,,,,,,0.15,,,,,
2013-12-02,,,,0.31,0.019,,,,,,,,,,,,,
2013-12-20,,,,,,,0.272,0.98,0.532,,,,,,,,,
2013-12-23,0.083,,,,,,,,,0.579,0.55,,,,,,,
2013-12-24,,,,,,,,,,,,0.134,0.193,,,,,
2013-12-26,,,,0.335,0.021,,,,,,,,,,,,0.758,
2014-01-22,,,,,,,,,,,,,,,0.257,,,
2014-01-23,,,,,,,,,,,,,,,,,0.019,
2014-01-27,,,,,,,,,,,,,0.14,,,,,
2014-02-03,,,,0.276,0.023,,,,,,,,,,,,,
2014-02-24,,,,,,,,,,,,,0.135,,,,,
2014-02-26,,,,,,,,,,,,,,,0.193,,0.135,
2014-02-27,,,,,,,0.373,,,,,,,,,,,
2014-03-03,,,,0.263,0.018,,,,,,,,,,,,,
2014-03-21,,,,,,,0.206,0.825,,,,,,,,,,
2014-03-24,0.082667,,,,,,,,0.401,,,,0.135,,,,,
2014-03-25,,,,,,,,,,0.566,0.604,,,,,,,
2014-03-26,,,,,,,,,,,,0.18,,,0.193,,0.046,
2014-04-01,,,,0.28,0.021,,,,,,,,,,,,,
2014-04-21,,,,,,,,,,,,,0.135,,,,,
2014-04-23,,,,,,,,,,,,,,,0.263,,0.033,
2014-05-01,,,,0.269,0.021,,,,,,,,,,,,,
2014-05-21,,,,,,,,,,,,,,,0.245,,,
2014-05-22,,,,,,,,,,,,,,,,,0.08,
2014-05-23,,,,,,,,,,,,,0.13,,,,,
2014-06-02,,,,0.294,0.023,,,,,,,,,,,,,
2014-06-20,,,,,,,0.249,0.937,,,,,,,,,,
2014-06-23,0.089667,,,,,,,,0.476,,,,0.15,,,,,
2014-06-24,,,,,,,,,,0.593,0.595,,,,,,,
2014-06-25,,,,,,,,,,,,0.166,,,0.213,,0.052,
2014-07-01,,,,0.292,0.025,,,,,,,,,,,,,
2014-07-21,,,,,,,,,,,,,0.139,,,,,
2014-07-23,,,,,,,,,,,,,,,0.209,,0.036,
2014-08-01,,,,0.3,0.027,,,,,,,,,,,,,
2014-08-20,,,,,,,,,,,,,,,0.222,,,
2014-08-21,,,,,,,,,,,,,,,,,0.205,
2014-08-25,,,,,,,,,,,,,0.15,,,,,
2014-09-02,,,,0.271,0.028,,,,,,,,,,,,,
2014-09-19,,,,,,,0.238,0.939,,,,,,,,,,
2014-09-22,0.084667,,,,,,,,0.469,,,,0.144,,,,,
2014-09-24,,,,,,,,,,0.626,0.587,0.215,,,0.195,,0.171,
2014-10-01,,,,0.289,0.03,,,,,,,,,,,,,
2014-10-22,,,,,,,,,,,,,,,0.241,,,
2014-10-23,,,,,,,,,,,,,,,,,0.25,
2014-10-27,,,,,,,,,,,,,0.171,,,,,
2014-11-03,,,,0.29,0.029,,,,,,,,,,,,,
2014-11-21,,,,,,,,,,,,,0.159,,,,,
2014-11-26,,,,,,,,,,,,,,,,,0.183,
2014-12-01,,,,0.277,0.029,,,,,,,,,,,,,
2014-12-18,,,,,,,,,0.562,,,,,,,,,
2014-12-19,,,,,,,0.387,1.135,,,,,0.204,,,,,
2014-12-22,0.091667,,,,,,,,,,,0.239,,,,,,
2014-12-24,,,,0.261,0.033,,,,,0.665,0.62,,,,0.144,,0.684,
2015-01-21,,,,,,,,,,,,,,,0.23,,,
2015-01-22,,,,,,,,,,,,,,,,,0.194,
2015-01-26,,,,,,,,,,,,,0.109,,,,,
2015-02-02,,,,0.279,0.033,,,,,,,,,,,,,
2015-02-23,,,,,,,,,,,,,0.181,,,,,
2015-02-25,,,,,,,,,,,,,,,,,0.067,
2015-03-02,,,,0.252,0.031,,,,,,,,,,,,,
2015-03-20,,,,,,,0.248,0.931,,,,,,,,,,
2015-03-23,,,,,,,,,0.462,,,,0.137,,,,,
2015-03-25,,,,,,,,,,0.717,0.598,0.198,,,0.16,,0.069,
2015-04-01,,,,0.273,0.037,,,,,,,,,,,,,
2015-04-20,,,,,,,,,,,,,0.17,,,,,
2015-04-22,,,,,,,,,,,,,,,0.153,,0.131,
2015-05-01,,,,0.258,0.035,,,,,,,,,,,,,
2015-05-20,,,,,,,,,,,,,,,0.169,,0.071,
2015-05-22,,,,,,,,,,,,,0.181,,,,,
2015-06-01,,,,0.264,0.037,,,,,,,,,,,,,
2015-06-19,,,,,,,0.254,1.03,,,,,,,,,,
2015-06-22,0.102,,,,,,,,,,,,0.165,,,,,
2015-06-24,,,,,,,,,,0.725,0.646,0.258,,,0.15,,0.189,
2015-06-26,,,,,,,,,0.56,,,,,,,,,
2015-07-01,,,,0.258,0.038,,,,,,,,,,,,,
2015-07-22,,,,,,,,,,,,,,,0.152,,0.058,
2015-08-03,,,,0.267,0.038,,,,,,,,,,,,,
2015-08-24,,,,,,,,,,,,,0.162,,,,,
2015-08-26,,,,,,,,,,,,,,,0.204,,0.37,
2015-09-01,,,,0.263,0.04,,,,,,,,,,,,,
2015-09-18,,,,,,,0.26,1.033,,,,,,,,,,
2015-09-21,0.099667,,,,,,,,,,,,0.175,,,,,
2015-09-23,,,,,,,,,0.528,,,0.248,,,0.222,,0.396,
2015-09-25,,,,,,,,,,0.722,0.652,,,,,,,
2015-10-01,,,,0.256,0.04,,,,,,,,,,,,,
2015-10-21,,,,,,,,,,,,,,,0.214,,0.04,
2015-10-26,,,,,,,,,,,,,0.215,,,,,
2015-11-02,,,,0.267,0.041,,,,,,,,,,,,,
2015-11-23,,,,,,,,,,,,,0.16,,,,,
2015-11-25,,,,,,,,,,,,,,,0.181,,0.085,
2015-12-01,,,,0.257,0.041,,,,,,,,,,,,,
2015-12-18,,,,,,,0.342,1.212,,,,,,0.331,,,,
2015-12-21,,,,,,,,,0.599,,,,0.228,,,,,
2015-12-22,,,,,,,,,,,,0.291,,,,,,
2015-12-23,,,,,,,,,,,,,,,0.215,,0.366,
2015-12-24,,,,0.254,0.043,,,,,0.716,0.693,,,,,,,
2016-01-21,,,,,,,,,,,,,,,,,0.335,
2016-01-25,,,,,,,,,,,,,0.14,,,,,
2016-02-01,,,,0.241,0.045,,,,,,,,,,,,,
2016-02-22,,,,,,,,,,,,,0.135,,,,,
2016-02-24,,,,,,,,,,,,,,,0.22,,0.08,
2016-03-01,,,,0.248,0.047,,,,,,,,,,,,,
2016-03-15,,,,,,,,,0.478,,,,,,,,,
2016-03-18,,,,,,,0.318,1.05,,,,,,0.277,,,,
2016-03-21,0.099333,,,,,,,,,,,,0.122,,,,,
2016-03-23,,,,,,,,,,0.677,0.63,0.206,,,,,0.074,
2016-04-01,,,,0.27,0.051,,,,,,,,,,,,,
2016-04-20,,,,,,,,,,,,,,,0.156,,0.017,
2016-04-25,,,,,,,,,,,,,0.236,,,,,
2016-05-02,,,,0.26,0.049,,,,,,,,,,,,,
2016-05-23,,,,,,,,,,,,,0.16,,,,,
2016-05-25,,,,,,,,,,,,,,,0.171,,0.267,
2016-06-01,,,,0.267,0.051,,,,,,,,,,,,,
2016-06-17,,,,,,,0.287,1.078,,,,,,0.326,,,,
2016-06-20,0.105667,,,,,,,,,,,,0.14,,,,,
2016-06-21,,,,,,,,,0.578,0.679,0.675,,,,,,,
2016-06-22,,,,,,,,,,,,0.247,,,0.202,,0.091,
2016-07-01,,,,0.255,0.05,,,,,,,,,,,,,
2016-07-20,,,,,,,,,,,,,,,0.141,,0.032,
2016-07-25,,,,,,,,,,,,,0.23,,,,,
2016-08-01,,,,0.258,0.051,,,,,,,,,,,,,
2016-08-22,,,,,,,,,,,,,0.185,,,,,
2016-08-24,,,,,,,,,,,,,,,0.13,,0.076,
2016-09-01,,,,0.254,0.05,,,,,,,,,,,,,
2016-09-13,,,,,,,,,0.483,,,,,,,,,
2016-09-16,,,,,,,0.294,1.082,,,,,,0.326,,,,
2016-09-19,0.081333,,,,,,,,,,,,,,,,,
2016-09-21,,,,,,,,,,,,0.273,,,0.194,,0.198,
2016-09-26,,,,,,,,,,0.688,0.693,,0.215,,,,,
2016-10-03,,,,0.247,0.049,,,,,,,,,,,,,
2016-10-24,,,,,,,,,,,,,0.185,,,,,
2016-10-26,,,,,,,,,,,,,,,0.149,,0.176,
2016-11-01,,,,0.25,0.051,,,,,,,,,,,,,
2016-11-21,,,,,,,,,,,,,0.185,,,,,
2016-11-23,,,,,,,,,,,,,,,0.162,,0.077,
2016-12-01,,,,0.243,0.05,,,,,,,,,,,,,
2016-12-16,,,,,,,0.355,1.329,,,,,,0.585,,,,
2016-12-21,,,,,,,,,,0.656,0.697,0.424,,,0.146,,0.05,
2016-12-22,,,,0.309,0.061,,,,0.667,,,,,,,,,
2016-12-23,,,,,,,,,,,,,0.253,,,,,
2017-01-23,,,,,,,,,,,,,0.115,,,,,
2017-01-25,,,,,,,,,,,,,,,0.128,,0.227,
2017-02-01,,,,0.259,0.051,,,,,,,,,,,,,
2017-02-17,,,,,,,,,,,,,0.15,,,,,
2017-02-22,,,,,,,,,,,,,,,0.1,,,
2017-02-23,,,,,,,,,,,,,,,,,0.06,
2017-03-01,,,,0.234,0.054,,,,,,,,,,,,,
2017-03-17,,,,,,,0.274,1.033,,,,,,0.318,,,,
2017-03-22,,,,,,,,,0.56,,,0.194,,,0.123,,0.061,
2017-03-24,,,,,,,,,,0.723,0.701,,,,,,,
2017-03-27,,,,,,,,,,,,,0.245,,,,,
2017-04-03,,,,0.255,0.058,,,,,,,,,,,,,
2017-04-24,,,,,,,,,,,,,0.09,,,,,
2017-04-26,,,,,,,,,,,,,,,0.145,,0.223,
2017-05-01,,,,0.255,0.062,,,,,,,,,,,,,
2017-05-22,,,,,,,,,,,,,0.145,,,,,
2017-05-24,,,,,,,,,,,,,,,0.126,,0.077,
2017-06-01,,,,0.263,0.064,,,,,,,,,,,,,
2017-06-16,,,,,,,0.378,1.183,,,,,,0.343,,,,
2017-06-21,,,,,,,,,,,,0.215,,,0.221,,0.054,
2017-06-23,,,,,,,,,0.596,,,,,,,,,
2017-06-26,,,,,,,,,,,,,0.245,,,,,
2017-06-27,,,,,,,,,,0.718,0.729,,,,,,,
2017-07-03,,,,0.258,0.067,,,,,,,,,,,,,
2017-07-24,,,,,,,,,,,,,0.18,,,,,
2017-07-26,,,,,,,,,,,,,,,0.159,,0.054,
2017-08-01,,,,0.269,0.071,,,,,,,,,,,,,
2017-08-21,,,,,,,,,,,,,0.175,,,,,
2017-08-23,,,,,,,,,,,,,,,0.203,,0.247,
2017-09-01,,,,0.263,0.072,,,,,,,,,,,,,
2017-09-15,,,,,,,,1.235,,,,,,0.363,,,,
2017-09-18,,,,,,,0.319,,,,,,,,,,,
2017-09-20,,,,,,,,,0.602,,,,,,0.154,,0.06,
2017-09-26,,,,,,,,,,0.732,0.728,,0.24,,,,,
2017-09-27,,,,,,,,,,,,0.333,,,,,,
2017-10-02,,,,0.252,0.073,,,,,,,,,,,,,0.118
2017-10-24,,,,,,,,,,,,,0.18,,,,,
2017-10-25,,,,,,,,,,,,,,,,,0.037,
2017-11-01,,,,0.263,0.078,,,,,,,,,,,,,
2017-11-21,,,,,,,,,,,,,0.115,,,,,
2017-11-22,,,,,,,,,,,,,,,0.132,,0.067,
2017-12-01,,,,0.255,0.079,,,,,,,,,,,,,0.118
2017-12-15,,,,,,,,1.351,,,,,,0.712,,,,
2017-12-18,,,,,,,0.329,,,,,,,,,,,
2017-12-19,,,,,,,,,,0.776,0.798,,,,,,,
2017-12-20,,,,,,,,,,,,,,,0.247,,1.435,
2017-12-21,,,,0.262,0.094,,,,0.643,,,,,,,,,
2017-12-26,,,,,,,,,,,,0.372,0.304,,,,,
2017-12-28,,,,,,,,,,,,,,,,,,0.128
2018-01-23,,,,,,,,,,,,,0.115,,,,,
2018-01-24,,,,,,,,,,,,,,,0.25,,0.259,
2018-02-01,,,,0.255,0.086,,,,,,,,,,,,,
2018-02-05,,,,,,,,,,,,,,,,,,0.118
2018-02-20,,,,,,,,,,,,,0.09,,,,,
2018-02-21,,,,,,,,,,,,,,,0.249,,0.25,
2018-03-01,,,,0.239,0.086,,,,,,,,,,,,,
2018-03-05,,,,,,,,,,,,,,,,,,0.118
2018-03-16,,,,,,,,1.097,,,,,,0.349,,,,
2018-03-19,,,,,,,0.277,,,,,,,,,,,
2018-03-20,,,,,,,,,,,,,0.357,,,,,
2018-03-21,,,,,,,,,,,,0.242,,,0.249,,0.249,
2018-03-22,,,,,,,,,,0.799,0.781,,,,,,,
2018-03-26,,,,,,,,,0.608,,,,,,,,,
2018-04-02,,,,0.26,0.094,,,,,,,,,,,,,
2018-04-04,,,,,,,,,,,,,,,,,,0.118
2018-04-24,,,,,,,,,,,,,0.11,,,,,
2018-04-25,,,,,,,,,,,,,,,0.234,,0.245,
2018-05-01,,,,0.262,0.103,,,,,,,,,,,,,
2018-05-03,,,,,,,,,,,,,,,,,,0.118
2018-05-22,,,,,,,,,,,,,0.125,,,,,
2018-05-23,,,,,,,,,,,,,,,0.216,,0.251,
2018-06-01,,,,0.281,0.126,,,,,,,,,,,,,
2018-06-05,,,,,,,,,,,,,,,,,,0.118
2018-06-15,,,,,,,,1.246,,,,,,0.376,,,,
2018-06-18,,,,,,,0.378,,,,,,,,,,,
2018-06-20,,,,,,,,,,,,0.426,,,0.2,,0.254,
2018-06-22,,,,,,,,,0.63,,,,,,,,,
2018-06-25,,,,,,,,,,,,,0.27,,,,,
2018-06-26,0.135333,,,,,,,,,0.796,0.802,,,,,,,
2018-07-02,,,,0.275,0.13,,,,,,,,,,,,,
2018-07-05,,,,,,,,,,,,,,,,,,0.117
2018-07-24,,,,,,,,,,,,,0.28,,,,,
2018-07-25,,,,,,,,,,,,,,,0.181,,0.256,
2018-08-01,,,,0.267,0.138,,,,,,,,,,,,,
2018-08-03,,,,,,,,,,,,,,,,,,0.117
2018-08-21,,,,,,,,,,,,,0.14,,,,,
2018-08-22,,,,,,,,,,,,,,,0.226,,0.26,
2018-09-04,,,,0.272,0.131,,,,,,,,,,,,,
2018-09-06,,,,,,,,,,,,,,,,,,0.117
2018-09-21,,,,,,,,1.323,,,,,,0.451,,,,
2018-09-24,,,,,,,0.33,,,,,,,,,,,
2018-09-25,0.122333,,,,,,,,,,,,0.33,,,,,
2018-09-26,,,,,,,,,0.672,0.791,0.859,0.347,,,0.201,,0.262,
2018-10-01,,,,0.261,0.137,,,,,,,,,,,,,
2018-10-03,,,,,,,,,,,,,,,,,,0.117
2018-10-23,,,,,,,,,,,,,0.185,,,,,
2018-10-24,,,,,,,,,,,,,,,0.247,,0.247,
2018-11-01,,,,0.275,0.146,,,,,,,,,,,,,
2018-11-05,,,,,,,,,,,,,,,,,,0.115
2018-11-20,,,,,,,,,,,,,0.145,,,,,
2018-11-21,,,,,,,,,,,,,,,0.225,,0.233,
2018-12-03,,,,0.267,0.142,,,,,,,,,,,,,
2018-12-06,,,,,,,,,,,,,,,,,,0.115
2018-12-17,,,,,,,,,,0.709,0.755,,,,,,,
2018-12-18,,,,0.282,0.119,,,,,,,,,,,,,
2018-12-21,,,,,,,,1.435,,,,,,0.443,,,,
2018-12-24,,,,,,,0.421,,0.739,,,,0.298,,,,,
2018-12-26,,,,,,,,,,,,0.42,,,,,,
2018-12-28,,,,,,,,,,,,,,,0.172,,0.388,0.115
2019-01-22,,,,,,,,,,,,,0.12,,,,,
2019-01-23,,,,,,,,,,,,,,,0.217,,0.227,
2019-02-01,,,,0.275,0.152,,,,,,,,,,,,,
2019-02-05,,,,,,,,,,,,,,,,,,0.115
2019-02-19,,,,,,,,,,,,,0.135,,,,,
2019-02-20,,,,,,,,,,,,,,,0.185,,0.235,
2019-03-01,,,,0.253,0.154,,,,,,,,,,,,,
2019-03-05,,,,,,,,,,,,,,,,,,0.115
2019-03-15,,,,,,,,1.233,,,,,,0.339,,,,
2019-03-18,,,,,,,0.324,,,,,,,,,,,
2019-03-20,,,,,,,,,,0.822,0.871,0.24,,,0.204,,0.239,
2019-03-25,,,,,,,,,0.652,,,,,,,,,
2019-03-26,,,,,,,,,,,,,0.25,,,,,
2019-04-01,,,,0.278,0.164,,,,,,,,,,,,,
2019-04-03,,,,,,,,,,,,,,,,,,0.115
2019-04-23,,,,,,,,,,,,,0.23,,,,,
2019-04-24,,,,,,,,,,,,,,,0.179,,0.245,
2019-05-01,,,,0.259,0.156,,,,,,,,,,,,,
2019-05-03,,,,,,,,,,,,,,,,,,0.115
2019-05-22,,,,,,,,,,,,,,,0.211,0.235,0.24,
2019-05-28,,,,,,,,,,,,,0.27,,,,,
2019-06-03,,,,0.27,0.169,,,,,,,,,,,,,
2019-06-05,,,,,,,,,,,,,,,,,,0.115
2019-06-17,,,,,,,,,0.625,0.75,0.882,,,,,,,
2019-06-21,,,,,,,,1.432,,,,,,0.462,,,,
2019-06-24,,,,,,,0.416,,,,,,0.21,,,,,
2019-06-25,,,,,,,,,,,,0.386,,,,,,
2019-06-26,0.140333,,,,,,,,,,,,,,0.215,0.223,0.244,
2019-07-01,,,,0.26,0.156,,,,,,,,,,,,,
2019-07-03,,,,,,,,,,,,,,,,,,0.115
2019-07-23,,,,,,,,,,,,,0.195,,,,,
2019-07-24,,,,,,,,,,,,,,,0.171,0.137,0.251,
2019-08-01,,,,0.264,0.15,,,,,,,,,,,,,
2019-08-05,,,,,,,,,,,,,,,,,,0.115
2019-08-21,,,,,,,,,,,,,,,0.227,0.251,0.242,
2019-08-27,,,,,,,,,,,,,0.28,,,,,
2019-09-03,,,,0.26,0.146,,,,,,,,,,,,,
2019-09-05,,,,,,,,,,,,,,,,,,0.114
2019-09-20,,,,,,,,1.384,,,,,,0.448,,,,
2019-09-23,,,,,,,0.384,,,,,,,,,,,
2019-09-24,,,,,,,,,0.786,0.857,0.956,,0.205,,,,,
2019-09-25,,,,,,,,,,,,0.364,,,0.175,0.212,0.243,
2019-10-01,,,,0.25,0.135,,,,,,,,,,,,,
2019-10-03,,,,,,,,,,,,,,,,,,0.114
2019-10-22,,,,,,,,,,,,,0.19,,,,,
2019-10-23,,,,,,,,,,,,,,,0.177,0.168,0.245,
2019-11-01,,,,0.246,0.14,,,,,,,,,,,,,
2019-11-05,,,,,,,,,,,,,,,,,,0.114
2019-11-20,,,,,,,,,,,,,,,0.195,0.251,0.251,
2019-11-25,,,,,,,,,,,,,0.265,,,,,
2019-12-02,,,,0.241,0.134,,,,,,,,,,,,,
2019-12-04,,,,,,,,,,,,,,,,,,0.114
2019-12-16,,,,,,,,,,0.779,0.891,,,,,,,
2019-12-19,,,,0.218,0.137,,,,,,,,,,,,,
2019-12-20,,,,,,,,1.57,,,,,,0.497,,,,
2019-12-23,,,,,,,0.458,,0.779,,,,0.482,,,,,
2019-12-24,,,,,,,,,,,,0.44,,,,,,
2019-12-30,,,,,,,,,,,,,,,0.165,0.166,0.256,0.114
2020-01-21,,,,,,,,,,,,,0.12,,0.199,0.196,0.259,
2020-02-03,,,,0.242,0.135,,,,,,,,,,,,,
2020-02-05,,,,,,,,,,,,,,,,,,0.114
2020-02-24,,,,,,,,,,,,,,,0.238,0.239,0.26,
2020-02-25,,,,,,,,,,,,,0.3,,,,,
2020-03-02,,,,0.229,0.125,,,,,,,,,,,,,
2020-03-04,,,,,,,,,,,,,,,,,,0.114
2020-03-10,,,,,,,,,0.554,,,,,,,,,
2020-03-20,,,,,,,,1.406,,,,,,0.396,,,,
2020-03-23,,,,,,,0.363,,,,,,,,0.181,0.159,0.183,
2020-03-25,0.147333,,,,,,,,,0.914,0.947,0.344,,,,,,
2020-04-01,,,,0.238,0.106,,,,,,,,,,,,,
2020-04-03,,,,,,,,,,,,,,,,,,0.114
2020-04-20,,,,,,,,,,,,,,,0.199,0.176,0.203,
2020-04-21,,,,,,,,,,,,,0.145,,,,,
2020-05-01,,,,0.216,0.072,,,,,,,,,,,,,
2020-05-05,,,,,,,,,,,,,,,,,,0.114
2020-05-18,,,,,,,,,,,,,,,0.204,0.187,0.207,
2020-05-26,,,,,,,,,,,,,0.295,,,,,
2020-06-01,,,,0.21,0.07,,,,,,,,,,,,,
2020-06-03,,,,,,,,,,,,,,,,,,0.114
2020-06-15,,,,,,,,,,0.879,0.8,,,,,,,
2020-06-19,,,,,,,,1.366,,,,,,0.366,,,,
2020-06-22,,,,,,,0.424,,0.837,,,,,,0.209,0.192,0.209,
2020-06-23,,,,,,,,,,,,,0.21,,,,,
2020-06-24,0.147333,,,,,,,,,,,0.413,,,,,,
2020-07-01,,,0.494,0.192,0.061,0.006,,,,,,,,,,,,
2020-07-06,,,,,,,,,,,,,,,,,,0.114
2020-07-20,,,,,,,,,,,,,,,0.214,0.202,0.218,
2020-07-28,,,,,,,,,,,,,0.25,,,,,
2020-08-03,,,0.29,0.19,0.05,0.011,,,,,,,,,,,,
2020-08-05,,,,,,,,,,,,,,,,,,0.109
2020-08-24,,,,,,,,,,,,,,,0.22,0.208,0.392,
2020-08-25,,,,,,,,,,,,,0.205,,,,,
2020-09-01,,,0.453,0.183,0.049,0.007,,,,,,,,,,,,
2020-09-03,,,,,,,,,,,,,,,,,,0.109
2020-09-18,,,,,,,,1.339,,,,,,0.264,,,,
2020-09-21,,,,,,,,,0.705,,,,,,0.212,0.209,0.445,
2020-09-22,,,,,,,,,,,,,0.115,,,,,
2020-09-23,,,,,,,,,,0.851,0.946,0.415,,,,,,
2020-10-01,,,0.435,0.169,0.04,0.005,,,,,,,,,,,,
2020-10-05,,,,,,,,,,,,,,,,,,0.109
2020-10-19,,,,,,,,,,,,,,,0.217,0.214,0.452,
2020-10-27,,,,,,,,,,,,,0.34,,,,,
2020-11-02,,,0.515,0.169,0.039,0.005,,,,,,,,,,,,
2020-11-04,,,,,,,,,,,,,,,,,,0.109
2020-11-23,,,,,,,,,,,,,0.185,,0.223,0.222,0.449,
2020-12-01,,,0.5,0.163,0.033,0.005,,,,,,,,,,,,
2020-12-03,,,,,,,,,,,,,,,,,,0.109
2020-12-10,0.200667,,,,,,,,,,,,,,,,,
2020-12-14,,,,,,,,,,0.923,0.83,,,,,,,
2020-12-17,,,,0.164,0.032,0.006,,,,,,,,,,,,
2020-12-18,,,,,,,,1.58,,,,,,0.607,,,,
2020-12-21,,,,,,,0.561,,0.81,,,,0.63,,,,,
2020-12-23,,,,,,,,,,,,0.535,,,,,,
2020-12-30,,,0.543,,,,,,,,,,0.076,,0.23,0.228,0.404,0.109
2021-01-19,,,,,,,,,,,,,,,0.229,0.227,0.476,
2021-01-25,,,,,,,,,,,,,0.085,,,,,
2021-02-01,,,0.263,0.176,0.03,0.005,,,,,,,,,,,,
2021-02-03,,,,,,,,,,,,,,,,,,0.109
2021-02-22,,,,,,,,,,,,,0.045,,0.233,0.24,0.36,
2021-03-01,,,0.321,0.172,0.022,,,,,,,,,,,,,
2021-03-03,,,,,,,,,,,,,,,,,,0.109
2021-03-19,,,,,,,,1.278,,,,,,0.636,,,,
2021-03-22,,,,,,,0.395,,0.656,,,,,,0.224,0.245,0.42,
2021-03-23,,,,,,,,,,,,0.376,,,,,,
2021-03-24,0.167667,,,,,,,,,,,,,,,,,
2021-03-25,,,,,,,,,,0.882,0.961,,0.392,,,,,
2021-04-01,,,0.348,0.185,0.019,,,,,,,,,,,,,
2021-04-05,,,,,,,,,,,,,,,,,,0.109
2021-04-19,,,,,,,,,,,,,,,0.228,0.249,0.361,
2021-04-26,,,,,,,,,,,,,0.175,,,,,
2021-05-03,,,0.374,0.203,0.012,0.004,,,,,,,,,,,,
2021-05-05,,,,,,,,,,,,,,,,,,0.109
2021-05-24,,,,,,,,,,,,,0.16,,0.221,0.248,0.333,
2021-06-01,,,0.314,0.199,0.012,0.002,,,,,,,,,,,,
2021-06-03,,,,,,,,,,,,,,,,,,0.109
2021-06-10,,,,,,,,,,0.81,0.993,,,,,,,
2021-06-18,,,,,,,,1.376,,,,,,,,,,
2021-06-21,,,,,,,0.397,,0.752,,,,,,0.194,0.248,0.387,
2021-06-22,,,,,,,,,,,,0.437,,,,,,
2021-06-24,,,,,,,,,,,,,0.275,,,,,
2021-07-01,,,0.395,0.188,0.013,0.002,,,,,,,,,,,,
2021-07-06,,,,,,,,,,,,,,,,,,0.109
2021-07-19,,,,,,,,,,,,,,,0.223,0.246,0.337,
2021-07-26,,,,,,,,,,,,,0.285,,,,,
2021-08-02,,,0.257,0.182,0.012,0.002,,,,,,,,,,,,
2021-08-04,,,,,,,,,,,,,,,,,,0.109
2021-08-23,,,,,,,,,,,,,,,0.188,0.251,0.373,
2021-08-25,,,,,,,,,,,,,0.185,,,,,
2021-09-01,,,0.339,0.189,0.013,0.003,,,,,,,,,,,,
2021-09-03,,,,,,,,,,,,,,,,,,0.113
2021-09-17,,,,,,,,1.428,,,,,,0.387,,,,
2021-09-20,,,,,,,0.414,,0.749,,,,,,0.19,0.252,0.37,
2021-09-22,,,,,,,,,,,,0.413,,,,,,
2021-09-24,,,,,,,,,,0.764,1.032,,0.26,,,,,
2021-10-01,,,0.343,0.183,0.011,0.003,,,,,,,,,,,,
2021-10-05,,,,,,,,,,,,,,,,,,0.109
2021-10-18,,,,,,,,,,,,,,,0.197,0.247,0.345,
2021-10-25,,,,,,,,,,,,,0.295,,,,,
2021-11-01,,,0.366,0.188,0.011,0.003,,,,,,,,,,,,
2021-11-03,,,,,,,,,,,,,,,,,,0.109
2021-11-22,,,,,,,,,,,,,,,0.225,0.255,0.365,
2021-11-23,,,,,,,,,,,,,0.19,,,,,
2021-12-01,,,0.383,0.184,0.05,0.003,,,,,,,,,,,,
2021-12-03,,,,,,,,,,,,,,,,,,0.109
2021-12-08,0.206667,,,,,,,,,,,,,,,,,
2021-12-13,,,,,,,,,,1.051,0.837,,,,,,,
2021-12-16,,,,0.168,0.018,0.005,,,,,,,,,,,,
2021-12-17,,,,,,,,1.633,,,,,,0.128,,,,
2021-12-20,,,,,,,0.491,,0.939,,,,,,,,,
2021-12-27,,,,,,,,,,,,,0.365,,,,,
2021-12-30,,,0.459,,,,,,,,,,,,0.499,0.307,0.458,0.109
2022-01-24,,,,,,,,,,,,,,,0.203,0.223,0.481,
2022-01-25,,,,,,,,,,,,,0.1,,,,,
2022-02-01,,,0.382,0.198,0.023,0.002,,,,,,,,,,,,
2022-02-03,,,,,,,,,,,,,,,,,,0.109
2022-02-22,,,,,,,,,,,,,0.045,,0.202,0.232,0.484,
2022-03-01,,,0.462,0.185,0.025,0.008,,,,,,,,,,,,
2022-03-03,,,,,,,,,,,,,,,,,,0.109
2022-03-18,,,,,,,,1.366,,,,,,0.653,,,,
2022-03-21,,,,,,,0.434,,0.662,,,,,,0.21,0.24,0.501,
2022-03-23,0.172667,,,,,,,,,,,0.352,,,,,,
2022-03-24,,,,,,,,,,0.77,0.888,,,,,,,
2022-03-25,,,,,,,,,,,,,0.13,,,,,
2022-04-01,,,0.588,0.202,0.036,0.018,,,,,,,,,,,,
2022-04-05,,,,,,,,,,,,,,,,,,0.109
2022-04-18,,,,,,,,,,,,,,,0.205,0.235,0.495,
2022-04-25,,,,,,,,,,,,,0.255,,,,,
2022-05-02,,,0.468,0.203,0.044,0.025,,,,,,,,,,,,
2022-05-04,,,,,,,,,,,,,,,,,,0.109
2022-05-23,,,,,,,,,,,,,,,0.179,0.211,0.441,
2022-05-24,,,,,,,,,,,,,0.275,,,,,
2022-06-01,,0.376,0.516,0.207,0.065,0.041,,,,,,,,,,,,
2022-06-03,,,,,,,,,,,,,,,,,,0.109
2022-06-09,,,,,,,,,,0.57,0.867,,,,,,,
2022-06-17,,,,,,,,1.577,,,,,,0.405,,,,
2022-06-21,,,,,,,0.527,,0.848,,,,,,0.174,0.202,0.422,
2022-06-22,0.234667,,,,,,,,,,,0.388,,,,,,
2022-06-24,,,,,,,,,,,,,0.395,,,,,
2022-07-01,,0.34,0.621,0.227,0.079,0.069,,,,,,,,,,,,
2022-07-06,,,,,,,,,,,,,,,,,,0.109
2022-07-18,,,,,,,,,,,,,,,0.181,0.212,0.439,
2022-07-25,,,,,,,,,,,,,0.235,,,,,
2022-08-01,,0.407,0.495,0.213,0.088,0.116,,,,,,,,,,,,
2022-08-03,,,,,,,,,,,,,,,,,,0.105
2022-08-22,,,,,,,,,,,,,,,0.181,0.207,0.434,
2022-08-25,,,,,,,,,,,,,0.295,,,,,
2022-09-01,,0.546,0.559,0.236,0.1,0.168,,,,,,,,,,,,
2022-09-06,,,,,,,,,,,,,,,,,,0.105
2022-09-16,,,,,,,,1.596,,,,,,0.418,,,,
2022-09-19,,,,,,,0.519,,0.767,,,,,,0.165,0.196,0.405,
2022-09-21,0.212333,,,,,,,,,,,0.403,,,,,,
2022-09-26,,,,,,,,,,1.231,1.346,,0.34,,,,,
2022-10-03,,0.38,0.481,0.244,0.108,0.157,,,,,,,,,,,,
2022-10-05,,,,,,,,,,,,,,,,,,0.105
2022-10-24,,,,,,,,,,,,,,,0.163,0.195,0.401,
2022-10-25,,,,,,,,,,,,,0.195,,,,,
2022-11-01,,0.681,0.606,0.236,0.141,0.241,,,,,,,,,,,,
2022-11-03,,,,,,,,,,,,,,,,,,0.105
2022-11-21,,,,,,,,,,,,,,,0.165,0.199,0.405,
2022-11-23,,,,,,,,,,,,,0.21,,,,,
2022-12-01,,0.546,0.61,0.244,0.165,0.283,,,,,,,,,,,,
2022-12-05,,,,,,,,,,,,,,,,,,0.105
2022-12-07,0.234333,,,,,,,,,,,,,,,,,
2022-12-13,,,,,,,,,,1.145,1.04,,,,,,,
2022-12-15,,,,0.261,0.181,0.327,,,,,,,,,,,,
2022-12-16,,,,,,,,1.781,,,,,,0.507,,,,
2022-12-19,,,,,,,0.655,,0.975,,,,,,,,,
2022-12-22,,,,,,,,,,,,0.6,,,,,,
2022-12-23,,,,,,,,,,,,,0.465,,,,,
2022-12-29,,0.576,0.573,,,,,,,,,,,,0.161,0.187,0.382,0.105
2023-01-23,,,,,,,,,,,,,,,0.17,0.196,0.41,
2023-01-25,,,,,,,,,,,,,0.11,,,,,
2023-02-01,,0.441,0.444,0.275,0.152,0.394,,,,,,,,,,,,
2023-02-03,,,,,,,,,,,,,,,,,,0.105
2023-02-21,,,,,,,,,,,,,,,0.167,0.196,0.408,
2023-02-22,,,,,,,,,,,,,0.195,,,,,
2023-03-01,,0.433,0.411,0.25,0.162,0.278,,,,,,,,,,,,
2023-03-03,,,,,,,,,,,,,,,,,,0.105
2023-03-17,,,,,,,,1.506,,,,,,0.387,,,,
2023-03-20,,,,,,,0.472,,0.717,,,,,,0.169,,0.399,
2023-03-22,0.199,,,,,,,,,,,0.354,,,,,,
2023-03-23,,,,,,,,,,1.042,1.005,,,,,,,
2023-03-27,,,,,,,,,,,,,0.54,,,,,
2023-04-03,,0.454,0.445,0.269,0.18,0.362,,,,,,,,,,,,
2023-04-05,,,,,,,,,,,,,,,,,,0.105
2023-04-24,,,,,,,,,,,,,0.135,,0.173,0.182,0.376,
2023-05-01,,0.484,0.425,0.268,0.191,0.392,,,,,,,,,,,,
2023-05-03,,,,,,,,,,,,,,,,,,0.105
2023-05-22,,,,,,,,,,,,,,,0.168,0.161,0.284,
2023-05-24,,,,,,,,,,,,,0.385,,,,,
2023-06-01,,0.357,0.365,0.273,0.197,0.432,,,,,,,,,,,,
2023-06-05,,,,,,,,,,,,,,,,,,0.105
2023-06-07,,,,,,,,,,0.796,0.816,,,,,,,
2023-06-16,,,,,,,,1.638,,,,,,0.465,,,,
2023-06-20,,,,,,,0.504,,0.877,,,,,,0.177,0.183,0.327,
2023-06-21,0.221667,,,,,,,,,,,0.463,,,,,,
2023-06-26,,,,,,,,,,,,,0.31,,,,,
2023-07-03,,0.367,0.359,0.278,0.206,0.417,,,,,,,,,,,,
2023-07-06,,,,,,,,,,,,,,,,,,0.105
2023-07-24,,,,,,,,,,,,,,,0.18,0.18,0.287,
2023-07-25,,,,,,,,,,,,,0.205,,,,,
2023-08-01,,0.366,0.29,0.275,0.212,0.442,,,,,,,,,,,,
2023-08-03,,,,,,,,,,,,,,,,,,0.105
2023-08-21,,,,,,,,,,,,,,,0.173,0.174,0.38,
2023-08-25,,,,,,,,,,,,,0.315,,,,,
2023-09-01,,0.451,0.338,0.289,0.206,0.431,,,,,,,,,,,,
2023-09-06,,,,,,,,,,,,,,,,,,0.105
2023-09-15,,,,,,,,1.583,,,,,,0.441,,,,
2023-09-18,,,,,,,0.536,,0.785,,,,,,0.172,0.173,0.333,
2023-09-20,,,,,,,,,,,,0.521,,,,,,
2023-09-25,,,,,,,,,,,,,0.315,,,,,
2023-09-26,,,,,,,,,,1.078,1.465,,,,,,,
2023-10-02,,0.417,0.363,0.28,0.209,0.412,,,,,,,,,,,,
2023-10-04,,,,,,,,,,,,,,,,,,0.105
2023-10-23,,,,,,,,,,,,,,,0.167,0.162,0.384,
2023-10-25,,,,,,,,,,,,,0.21,,,,,
2023-11-01,,0.418,0.359,0.286,0.23,0.427,,,,,,,,,,,,
2023-11-03,,,,,,,,,,,,,,,,,,0.105
2023-11-20,,,,,,,,,,,,,,,0.161,0.168,0.267,
2023-11-24,,,,,,,,,,,,,0.29,,,,,
2023-12-01,,0.422,0.39,0.289,0.247,0.443,,,,,,,,,,,,
2023-12-05,,,,,,,,,,,,,,,,,,0.105
2023-12-14,,,,0.311,0.26,0.455,,,,,,,,,,,,
2023-12-15,,,,,,,,1.906,,,,,,0.534,,,,
2023-12-18,,,,,,,0.808,,1.1,,,,,,,,,
2023-12-20,,,,,,,,,,0.977,1.189,0.656,,,,,,
2023-12-22,,,,,,,,,,,,,0.5,,,,,
2023-12-27,,,,,,,0.216,,,,,,,,,,,
2023-12-28,,,0.428,,,,,,,,,,0.031,,0.166,0.167,0.29,0.105
2024-01-22,,,,,,,,,,,,,,,0.179,0.165,0.314,
2024-01-25,,,,,,,,,,,,,0.09,,,,,
2024-02-01,,0.342,0.301,0.31,0.242,0.458,,,,,,,,,,,,
2024-02-05,,,,,,,,,,,,,,,,,,0.105
2024-02-20,,,,,,,,,,,,,,,0.177,0.163,0.302,
2024-02-23,,,,,,,,,,,,,0.205,,,,,
2024-03-01,,0.38,0.301,0.295,0.24,0.41,,,,,,,,,,,,
2024-03-05,,,,,,,,,,,,,,,,,,0.105
2024-03-15,,,,,,,,1.595,0.656,,,,,0.373,,,,
2024-03-18,,,,,,,0.573,,,,,,,,0.178,0.167,0.322,
2024-03-20,0.203667,,,,,,,,,,,0.386,,,,,,
2024-03-21,,,,,,,,,,0.835,0.998,,,,,,,
2024-03-22,,,,,,,,,,,,,0.285,,,,,
2024-04-01,,0.427,0.345,0.312,0.27,0.45,,,,,,,,,,,,
2024-04-03,,,,,,,,,,,,,,,,,,0.105
2024-04-22,,,,,,,,,,,,,,,0.172,0.163,0.34,
2024-04-24,,,,,,,,,,,,,0.3,,,,,
2024-05-01,,0.431,0.326,0.308,0.262,0.428,,,,,,,,,,,,
2024-05-03,,,,,,,,,,,,,,,,,,0.105
2024-05-20,,,,,,,,,,,,,,,0.163,0.165,0.282,
2024-05-24,,,,,,,,,,,,,0.305,,,,,
2024-06-03,,0.45,0.36,0.308,0.262,0.44,,,,,,,,,,,,
2024-06-05,,,,,,,,,,,,,,,,,,0.105
2024-06-11,,,,,,,,,,0.928,0.93,,,,,,,
2024-06-21,,,,,,,,1.759,1.024,,,,,0.487,,,,
2024-06-24,,,,,,,0.762,,,,,,,,0.169,0.161,0.276,
2024-06-25,,,,,,,,,,,,,0.375,,,,,
2024-06-26,,,,,,,,,,,,0.55,,,,,,
2024-07-01,,0.421,0.33,0.291,0.27,0.439,,,,,,,,,,,,
2024-07-03,,,,,,,,,,,,,,,,,,0.105
2024-07-22,,,,,,,,,,,,,,,0.177,0.161,0.313,
2024-07-26,,,,,,,,,,,,,0.185,,,,,
2024-08-01,,0.427,0.289,0.315,0.272,0.453,,,,,,,,,,,,
2024-08-05,,,,,,,,,,,,,,,,,,0.105
2024-08-19,,,,,,,,,,,,,,,0.179,0.161,0.4,
2024-08-27,,,,,,,,,,,,,0.345,,,,,
2024-09-03,,0.557,0.4,0.313,0.288,0.444,,,,,,,,,,,,
2024-09-05,,,,,,,,,,,,,,,,,,0.105
2024-09-20,,,,,,,,1.746,0.851,,,,,0.457,,,,
2024-09-23,,,,,,,0.677,,,,,,,,0.181,0.162,0.342,
2024-09-25,,,,,,,,,,1.229,1.55,0.522,0.33,,,,,
2024-10-01,,0.551,0.392,0.316,0.273,0.43,,,,,,,,,,,,
2024-10-03,,,,,,,,,,,,,,,,,,0.105
2024-10-21,,,,,,,,,,,,,,,0.183,0.166,0.386,
2024-10-28,,,,,,,,,,,,,0.21,,,,,
2024-11-01,,0.494,0.375,0.311,0.283,0.415,,,,,,,,,,,,
2024-11-05,,,,,,,,,,,,,,,,,,0.103
2024-11-18,,,,,,,,,,,,,,,0.18,0.166,0.371,
2024-11-25,,,,,,,,,,,,,0.36,,,,,
2024-12-02,,0.508,0.402,0.325,0.265,0.378,,,,,,,,,,,,
2024-12-04,,,,,,,,,,,,,,,,,,0.103
2024-12-11,0.265,,,,,,,,,,,,,,,,,
2024-12-17,,,,,,,,,,1.122,1.316,,,,,,,
2024-12-18,,,,0.351,0.28,0.372,,,,,,,,,,,,
2024-12-20,,,,,,,,1.966,0.964,,,,,0.547,,,,
2024-12-23,,,,,,,0.835,,,,,0.586,,,,,,
2024-12-26,,,,,,,,,,,,,0.38,,,,,
2024-12-30,,,,,,,,,,,,,,,0.339,0.166,1.19,0.103
2024-12-31,,0.456,0.395,,,,,,,,,,0.045,,,,,
2025-01-21,,,,,,,,,,,,,,,0.188,0.168,0.373,
2025-01-28,,,,,,,,,,,,,0.12,,,,,
2025-02-03,,0.45,0.326,0.312,0.273,0.363,,,,,,,,,,,,0.102
2025-02-24,,,,,,,,,,,,,,,0.165,0.163,0.291,
2025-02-25,,,,,,,,,,,,,0.165,,,,,
2025-03-03,,0.482,0.328,0.29,0.253,0.313,,,,,,,,,,,,0.102
2025-03-18,,,,,,,,,,0.795,1.049,,,,,,,
2025-03-21,,,,,,,,1.696,0.85,,,,,,,,,
2025-03-24,,,,,,,0.716,,,,,,,0.419,0.17,0.154,0.401,
2025-03-26,0.249,,,,,,,,,,,0.465,0.305,,,,,
